"시도별","산업별",2021,2021,2021,2021,2021,2021,2021,2021,2021,2021,2021,2021,2021,2021,2021,2021,2021,2021
"시도별","산업별",총 사업체 수,총 사업체 수,총 사업체 수,20대 이하,20대 이하,20대 이하,30대,30대,30대,40대,40대,40대,50대,50대,50대,60대 이상,60대 이상,60대 이상
"시도별","산업별",원데이터,전년 대비 증감,증감률,원데이터,전년 대비 증감,증감률,원데이터,전년 대비 증감,증감률,원데이터,전년 대비 증감,증감률,원데이터,전년 대비 증감,증감률,원데이터,전년 대비 증감,증감률
"전국","전산업",4117458,-9073,-0.2,213348,22396,11.7,658952,25660,4.1,1150157,-9135,-0.8,1267945,-24899,-1.9,827056,-23095,-2.7
"전국","제조업",485559,-4388,-0.9,13254,407,3.2,47667,1469,3.2,118485,-412,-0.3,182175,-2885,-1.6,123978,-2967,-2.3
"전국","건설업",449232,13888,3.2,12781,1851,16.9,42251,2892,7.3,129023,3023,2.4,173148,3460,2.0,92029,2662,3.0
"전국","도매 및 소매업",1362910,-21920,-1.6,84646,11270,15.4,243928,10046,4.3,377753,-9769,-2.5,383736,-18133,-4.5,272847,-15334,-5.3
"전국","숙박 및 음식점업",737860,1087,0.1,51383,3345,7.0,131461,5092,4.0,178171,-113,-0.1,220765,-3080,-1.4,156080,-4157,-2.6
"전국","정보통신업",72765,2860,4.1,4308,688,19.0,14222,1017,7.7,28294,204,0.7,18882,573,3.1,7059,378,5.7
"전국","부동산업",167069,3547,2.2,3241,1032,46.7,12290,1122,10.0,35918,759,2.2,60384,857,1.4,55236,-223,-0.4
"전국","전문과학기술서비스업",107243,-2914,-2.6,6410,602,10.4,23225,-334,-1.4,38746,-1681,-4.2,26602,-942,-3.4,12260,-559,-4.4
"전국","사업시설관리, 사업지원 및 임대 서비스업",111550,-8612,-7.2,5493,-725,-11.7,20431,-2253,-9.9,34600,-2695,-7.2,32860,-1986,-5.7,18166,-953,-5.0
"전국","교육 서비스업",178680,10702,6.4,8948,1421,18.9,46548,4263,10.1,74837,3991,5.6,39856,852,2.2,8491,175,2.1
"전국","예술, 스포츠 및 여가관련 서비스업",103470,-1026,-1.0,4977,255,5.4,19751,220,1.1,27985,-316,-1.1,32062,-567,-1.7,18695,-618,-3.2
"전국","협회 및 단체, 수리 및 기타 개인서비스업",341120,-2297,-0.7,17907,2250,14.4,57178,2126,3.9,106345,-2126,-2.0,97475,-3048,-3.0,62215,-1499,-2.4
"서울특별시","전산업",785948,-24598,-3.0,43452,3149,7.8,142719,1560,1.1,211818,-8423,-3.8,222722,-10662,-4.6,165237,-10222,-5.8
"서울특별시","제조업",71346,-1988,-2.7,2157,-36,-1.6,7015,132,1.9,15226,-405,-2.6,27678,-984,-3.4,19270,-695,-3.5
"서울특별시","건설업",61377,-50,-0.1,1599,192,13.6,5917,335,6.0,15711,-50,-0.3,22150,-255,-1.1,16000,-272,-1.7
"서울특별시","도매 및 소매업",291696,-13155,-4.3,19909,1831,10.1,58961,487,0.8,78083,-4512,-5.5,75567,-5780,-7.1,59176,-5181,-8.1
"서울특별시","숙박 및 음식점업",115959,-3070,-2.6,8163,314,4.0,25420,428,1.7,28553,-863,-2.9,30470,-1322,-4.2,23353,-1627,-6.5
"서울특별시","정보통신업",32614,2,0.0,1755,183,11.6,6238,179,3.0,12543,-275,-2.1,8696,-32,-0.4,3382,-53,-1.5
"서울특별시","부동산업",44655,-6,0.0,862,198,29.8,3335,383,13.0,8205,203,2.5,14107,-1,0.0,18146,-789,-4.2
"서울특별시","전문과학기술서비스업",36144,-3007,-7.7,2289,44,2.0,8820,-667,-7.0,12762,-1321,-9.4,8389,-668,-7.4,3884,-395,-9.2
"서울특별시","사업시설관리, 사업지원 및 임대 서비스업",24118,-2426,-9.1,1175,-128,-9.8,4552,-609,-11.8,7629,-748,-8.9,6948,-625,-8.3,3814,-316,-7.7
"서울특별시","교육 서비스업",31627,1597,5.3,1694,267,18.7,8521,728,9.3,11940,512,4.5,7431,75,1.0,2041,15,0.7
"서울특별시","예술, 스포츠 및 여가관련 서비스업",19837,-703,-3.4,942,42,4.7,4286,21,0.5,5171,-178,-3.3,5545,-257,-4.4,3893,-331,-7.8
"서울특별시","협회 및 단체, 수리 및 기타 개인서비스업",56575,-1792,-3.1,2907,242,9.1,9654,143,1.5,15995,-786,-4.7,15741,-813,-4.9,12278,-578,-4.5
"부산광역시","전산업",272436,-1705,-0.6,13602,1251,10.1,43480,1670,4.0,72633,-319,-0.4,79626,-1990,-2.4,63095,-2317,-3.5
"부산광역시","제조업",32860,-401,-1.2,752,-11,-1.4,3020,123,4.2,7121,29,0.4,11742,-260,-2.2,10225,-282,-2.7
"부산광역시","건설업",24027,382,1.6,577,56,10.7,2691,133,5.2,6843,125,1.9,8436,40,0.5,5480,28,0.5
"부산광역시","도매 및 소매업",98055,-1439,-1.4,5717,638,12.6,16684,724,4.5,25762,-409,-1.6,26660,-1154,-4.1,23232,-1238,-5.1
"부산광역시","숙박 및 음식점업",47986,-302,-0.6,3424,268,8.5,9063,317,3.6,11243,-35,-0.3,13514,-350,-2.5,10742,-502,-4.5
"부산광역시","정보통신업",2386,100,4.4,192,-4,-2.0,540,21,4.0,902,38,4.4,554,27,5.1,198,18,10.0
"부산광역시","부동산업",11328,308,2.8,168,19,12.8,910,62,7.3,2478,101,4.2,3975,136,3.5,3797,-10,-0.3
"부산광역시","전문과학기술서비스업",6205,-102,-1.6,365,66,22.1,1240,-1,-0.1,2167,-40,-1.8,1580,-49,-3.0,853,-78,-8.4
"부산광역시","사업시설관리, 사업지원 및 임대 서비스업",7034,-977,-12.2,331,-99,-23.0,1289,-236,-15.5,2159,-290,-11.8,1995,-187,-8.6,1260,-165,-11.6
"부산광역시","교육 서비스업",11945,754,6.7,506,77,17.9,2793,270,10.7,5033,288,6.1,2909,81,2.9,704,38,5.7
"부산광역시","예술, 스포츠 및 여가관련 서비스업",5887,31,0.5,312,52,20.0,1172,79,7.2,1463,-27,-1.8,1703,-36,-2.1,1237,-37,-2.9
"부산광역시","협회 및 단체, 수리 및 기타 개인서비스업",24723,-59,-0.2,1258,189,17.7,4078,178,4.6,7462,-99,-1.3,6558,-238,-3.5,5367,-89,-1.6
"대구광역시","전산업",198579,-4726,-2.3,9848,584,6.3,31315,436,1.4,56529,-1707,-2.9,62934,-2422,-3.7,37953,-1617,-4.1
"대구광역시","제조업",29183,-663,-2.2,647,29,4.7,2658,40,1.5,7155,-133,-1.8,11376,-340,-2.9,7347,-259,-3.4
"대구광역시","건설업",18007,-1,0.0,458,59,14.8,1676,51,3.1,4914,-30,-0.6,7333,-95,-1.3,3626,14,0.4
"대구광역시","도매 및 소매업",66854,-3004,-4.3,3842,282,7.9,11582,-128,-1.1,19268,-1100,-5.4,19335,-1256,-6.1,12827,-802,-5.9
"대구광역시","숙박 및 음식점업",33306,-453,-1.3,2540,38,1.5,6475,240,3.8,8113,-155,-1.9,10014,-268,-2.6,6164,-308,-4.8
"대구광역시","정보통신업",1710,41,2.5,107,3,2.9,346,13,3.9,718,8,1.1,388,3,0.8,151,14,10.2
"대구광역시","부동산업",7562,13,0.2,106,18,20.5,515,14,2.8,1783,7,0.4,2888,-14,-0.5,2270,-12,-0.5
"대구광역시","전문과학기술서비스업",4259,-152,-3.4,238,25,11.7,798,19,2.4,1544,-127,-7.6,1130,-36,-3.1,549,-33,-5.7
"대구광역시","사업시설관리, 사업지원 및 임대 서비스업",4400,-456,-9.4,216,-60,-21.7,776,-82,-9.6,1360,-115,-7.8,1349,-113,-7.7,699,-86,-11.0
"대구광역시","교육 서비스업",9950,391,4.1,513,63,14.0,2623,193,7.9,4237,124,3.0,2196,17,0.8,381,-6,-1.6
"대구광역시","예술, 스포츠 및 여가관련 서비스업",5007,-93,-1.8,209,7,3.5,963,36,3.9,1353,-18,-1.3,1548,-93,-5.7,934,-25,-2.6
"대구광역시","협회 및 단체, 수리 및 기타 개인서비스업",18341,-349,-1.9,972,120,14.1,2903,40,1.4,6084,-168,-2.7,5377,-227,-4.1,3005,-114,-3.7
"인천광역시","전산업",212661,1008,0.5,12263,1336,12.2,36294,1951,5.7,58059,34,0.1,65366,-1255,-1.9,40679,-1058,-2.5
"인천광역시","제조업",28141,-382,-1.3,784,-29,-3.6,2642,98,3.9,6453,-41,-0.6,10987,-204,-1.8,7275,-206,-2.8
"인천광역시","건설업",23393,818,3.6,771,101,15.1,2464,226,10.1,6455,226,3.6,8666,172,2.0,5037,93,1.9
"인천광역시","도매 및 소매업",70562,40,0.1,5347,860,19.2,14283,1031,7.8,19484,-194,-1.0,19112,-975,-4.9,12336,-682,-5.2
"인천광역시","숙박 및 음식점업",35893,102,0.3,2608,168,6.9,6574,227,3.6,8664,21,0.2,10616,-128,-1.2,7431,-186,-2.4
"인천광역시","정보통신업",2836,225,8.6,216,50,30.1,648,64,11.0,1121,39,3.6,646,37,6.1,205,35,20.6
"인천광역시","부동산업",8734,307,3.6,165,50,43.5,729,115,18.7,1816,78,4.5,3418,60,1.8,2606,4,0.2
"인천광역시","전문과학기술서비스업",4544,58,1.3,362,28,8.4,1087,17,1.6,1545,52,3.5,1056,-22,-2.0,494,-17,-3.3
"인천광역시","사업시설관리, 사업지원 및 임대 서비스업",6172,-392,-6.0,324,-76,-19.0,1293,-60,-4.4,1881,-131,-6.5,1689,-86,-4.8,985,-39,-3.8
"인천광역시","교육 서비스업",8469,523,6.6,463,96,26.2,2365,186,8.5,3522,189,5.7,1746,40,2.3,373,12,3.3
"인천광역시","예술, 스포츠 및 여가관련 서비스업",6177,-108,-1.7,269,5,1.9,1077,-30,-2.7,1580,-53,-3.2,2094,21,1.0,1157,-51,-4.2
"인천광역시","협회 및 단체, 수리 및 기타 개인서비스업",17740,-183,-1.0,954,83,9.5,3132,77,2.5,5538,-152,-2.7,5336,-170,-3.1,2780,-21,-0.7
"광주광역시","전산업",115311,-1034,-0.9,7150,665,10.3,18890,340,1.8,34598,-570,-1.6,35385,-983,-2.7,19288,-486,-2.5
"광주광역시","제조업",9848,-49,-0.5,311,6,2.0,1007,29,3.0,2788,-12,-0.4,3732,-36,-1.0,2010,-36,-1.8
"광주광역시","건설업",14246,437,3.2,475,100,26.7,1413,98,7.5,4360,72,1.7,5611,84,1.5,2387,83,3.6
"광주광역시","도매 및 소매업",38314,-1318,-3.3,2606,282,12.1,6464,-22,-0.3,11154,-438,-3.8,11193,-628,-5.3,6897,-512,-6.9
"광주광역시","숙박 및 음식점업",19376,-143,-0.7,1905,81,4.4,3928,46,1.2,5067,-61,-1.2,5443,-151,-2.7,3033,-58,-1.9
"광주광역시","정보통신업",1013,75,8.0,87,9,11.5,206,26,14.4,378,15,4.1,243,18,8.0,99,7,7.6
"광주광역시","부동산업",5550,-18,-0.3,111,26,30.6,435,21,5.1,1581,-35,-2.2,1957,-28,-1.4,1466,-2,-0.1
"광주광역시","전문과학기술서비스업",2815,-4,-0.1,148,18,13.8,593,-5,-0.8,1114,-25,-2.2,661,-5,-0.8,299,13,4.5
"광주광역시","사업시설관리, 사업지원 및 임대 서비스업",3141,-115,-3.5,162,-22,-12.0,552,-29,-5.0,999,-38,-3.7,911,-47,-4.9,517,21,4.2
"광주광역시","교육 서비스업",5838,177,3.1,324,23,7.6,1518,94,6.6,2509,78,3.2,1212,-16,-1.3,275,-2,-0.7
"광주광역시","예술, 스포츠 및 여가관련 서비스업",3620,-33,-0.9,213,27,14.5,687,0,0.0,980,-15,-1.5,1164,-52,-4.3,576,7,1.2
"광주광역시","협회 및 단체, 수리 및 기타 개인서비스업",11550,-43,-0.4,808,115,16.6,2087,82,4.1,3668,-111,-2.9,3258,-122,-3.6,1729,-7,-0.4
"대전광역시","전산업",112177,-1521,-1.3,6609,617,10.3,18360,152,0.8,31809,-604,-1.9,34441,-942,-2.7,20958,-744,-3.4
"대전광역시","제조업",9635,-92,-0.9,307,13,4.4,1079,-4,-0.4,2583,-36,-1.4,3339,-41,-1.2,2327,-24,-1.0
"대전광역시","건설업",12044,121,1.0,340,46,15.6,1105,20,1.8,3402,-5,-0.1,4649,27,0.6,2548,33,1.3
"대전광역시","도매 및 소매업",38991,-1215,-3.0,2466,247,11.1,6642,-6,-0.1,11242,-372,-3.2,11458,-597,-5.0,7183,-487,-6.3
"대전광역시","숙박 및 음식점업",20342,-293,-1.4,1755,74,4.4,3983,39,1.0,4962,-35,-0.7,5936,-201,-3.3,3706,-170,-4.4
"대전광역시","정보통신업",1744,7,0.4,128,7,5.8,389,8,2.1,666,-37,-5.3,414,24,6.2,147,5,3.5
"대전광역시","부동산업",4328,66,1.5,98,59,151.3,349,29,9.1,885,-15,-1.7,1556,-15,-1.0,1440,8,0.6
"대전광역시","전문과학기술서비스업",2584,-42,-1.6,160,12,8.1,525,-9,-1.7,931,-62,-6.2,669,31,4.9,299,-14,-4.5
"대전광역시","사업시설관리, 사업지원 및 임대 서비스업",3043,-197,-6.1,146,-11,-7.0,603,-59,-8.9,939,-61,-6.1,909,-57,-5.9,446,-9,-2.0
"대전광역시","교육 서비스업",5277,300,6.0,336,61,22.2,1370,87,6.8,2083,121,6.2,1214,16,1.3,274,15,5.8
"대전광역시","예술, 스포츠 및 여가관련 서비스업",3378,-94,-2.7,162,-12,-6.9,607,-1,-0.2,866,-17,-1.9,1168,-19,-1.6,575,-45,-7.3
"대전광역시","협회 및 단체, 수리 및 기타 개인서비스업",10811,-82,-0.8,711,121,20.5,1708,48,2.9,3250,-85,-2.5,3129,-110,-3.4,2013,-56,-2.7
"울산광역시","전산업",79505,-2148,-2.6,4061,230,6.0,12544,35,0.3,22542,-675,-2.9,25427,-1005,-3.8,14931,-733,-4.7
"울산광역시","제조업",7664,-191,-2.4,219,12,5.8,851,31,3.8,1988,-90,-4.3,2829,-69,-2.4,1777,-75,-4.0
"울산광역시","건설업",9207,33,0.4,259,26,11.2,879,5,0.6,2484,-7,-0.3,3583,-30,-0.8,2002,39,2.0
"울산광역시","도매 및 소매업",23204,-1123,-4.6,1305,93,7.7,4044,-21,-0.5,6440,-360,-5.3,6938,-454,-6.1,4477,-381,-7.8
"울산광역시","숙박 및 음식점업",17521,-428,-2.4,1229,10,0.8,2891,37,1.3,4364,-71,-1.6,5546,-220,-3.8,3491,-184,-5.0
"울산광역시","정보통신업",424,0,0.0,42,10,31.3,81,-31,-27.7,159,19,13.6,104,0,0.0,38,2,5.6
"울산광역시","부동산업",2795,-35,-1.2,57,16,39.0,207,-4,-1.9,712,-9,-1.2,1125,-7,-0.6,694,-31,-4.3
"울산광역시","전문과학기술서비스업",1691,-165,-8.9,77,8,11.6,280,-40,-12.5,638,-42,-6.2,486,-63,-11.5,210,-28,-11.8
"울산광역시","사업시설관리, 사업지원 및 임대 서비스업",2067,-256,-11.0,80,-23,-22.3,334,-41,-10.9,590,-82,-12.2,668,-58,-8.0,395,-52,-11.6
"울산광역시","교육 서비스업",4464,231,5.5,213,38,21.7,1129,76,7.2,1986,105,5.6,1001,16,1.6,135,-4,-2.9
"울산광역시","예술, 스포츠 및 여가관련 서비스업",2447,-88,-3.5,120,-9,-7.0,381,-21,-5.2,624,-21,-3.3,852,-30,-3.4,470,-7,-1.5
"울산광역시","협회 및 단체, 수리 및 기타 개인서비스업",8021,-126,-1.5,460,49,11.9,1467,44,3.1,2557,-117,-4.4,2295,-90,-3.8,1242,-12,-1.0
"세종특별자치시","전산업",20222,1006,5.2,1239,151,13.9,4259,279,7.0,6592,385,6.2,5215,113,2.2,2917,78,2.7
"세종특별자치시","제조업",1400,57,4.2,69,-8,-10.4,221,12,5.7,366,36,10.9,417,7,1.7,327,10,3.2
"세종특별자치시","건설업",2001,73,3.8,61,6,10.9,243,19,8.5,676,8,1.2,664,27,4.2,357,13,3.8
"세종특별자치시","도매 및 소매업",5640,340,6.4,404,84,26.3,1342,76,6.0,1802,148,8.9,1282,24,1.9,810,8,1.0
"세종특별자치시","숙박 및 음식점업",3864,89,2.4,348,31,9.8,821,54,7.0,1086,44,4.2,1000,-35,-3.4,609,-5,-0.8
"세종특별자치시","정보통신업",451,53,13.3,26,4,18.2,99,6,6.5,207,8,4.0,87,26,42.6,32,9,39.1
"세종특별자치시","부동산업",1553,48,3.2,34,8,30.8,99,-3,-2.9,455,27,6.3,640,11,1.7,325,5,1.6
"세종특별자치시","전문과학기술서비스업",568,36,6.8,31,5,19.2,158,10,6.8,240,2,0.8,105,13,14.1,34,6,21.4
"세종특별자치시","사업시설관리, 사업지원 및 임대 서비스업",580,-17,-2.8,23,-5,-17.9,145,-7,-4.6,170,-4,-2.3,157,-6,-3.7,85,5,6.3
"세종특별자치시","교육 서비스업",2042,240,13.3,132,13,10.9,648,88,15.7,878,101,13.0,326,24,7.9,58,14,31.8
"세종특별자치시","예술, 스포츠 및 여가관련 서비스업",592,62,11.7,30,-2,-6.3,139,11,8.6,193,27,16.3,166,24,16.9,64,2,3.2
"세종특별자치시","협회 및 단체, 수리 및 기타 개인서비스업",1531,25,1.7,81,15,22.7,344,13,3.9,519,-12,-2.3,371,-2,-0.5,216,11,5.4
"경기도","전산업",1019362,10410,1.0,56105,7339,15.0,172304,10934,6.8,294191,1814,0.6,319231,-5041,-1.6,177531,-4636,-2.5
"경기도","제조업",153684,-1022,-0.7,4423,185,4.4,15316,560,3.8,39186,116,0.3,58914,-902,-1.5,35845,-981,-2.7
"경기도","건설업",105890,2364,2.3,3446,462,15.5,10988,749,7.3,30461,556,1.9,40328,258,0.6,20667,339,1.7
"경기도","도매 및 소매업",329651,3598,1.1,23191,4047,21.1,65488,5394,9.0,96266,207,0.2,92950,-3496,-3.6,51756,-2554,-4.7
"경기도","숙박 및 음식점업",154020,1159,0.8,11605,865,8.1,28938,1538,5.6,38017,105,0.3,46601,-474,-1.0,28859,-875,-2.9
"경기도","정보통신업",21708,1181,5.8,1187,270,29.4,4240,511,13.7,8788,161,1.9,5728,199,3.6,1765,40,2.3
"경기도","부동산업",45789,2295,5.3,1042,450,76.0,3314,430,14.9,9720,539,5.9,17868,632,3.7,13845,244,1.8
"경기도","전문과학기술서비스업",26813,341,1.3,1627,249,18.1,5883,269,4.8,9838,-87,-0.9,6692,-106,-1.6,2773,16,0.6
"경기도","사업시설관리, 사업지원 및 임대 서비스업",29159,-2949,-9.2,1617,-269,-14.3,5652,-795,-12.3,9223,-896,-8.9,8523,-651,-7.1,4144,-338,-7.5
"경기도","교육 서비스업",47959,3567,8.0,2368,418,21.4,13002,1388,12.0,20116,1411,7.5,10501,329,3.2,1972,21,1.1
"경기도","예술, 스포츠 및 여가관련 서비스업",25903,73,0.3,1242,86,7.4,5187,192,3.8,7143,18,0.3,8125,-96,-1.2,4206,-127,-2.9
"경기도","협회 및 단체, 수리 및 기타 개인서비스업",78786,-197,-0.2,4357,576,15.2,14296,698,5.1,25433,-316,-1.2,23001,-734,-3.1,11699,-421,-3.5
"강원도","전산업",139777,3791,2.8,5891,790,15.5,17741,1148,6.9,36515,795,2.2,45523,694,1.5,34107,364,1.1
"강원도","제조업",8802,101,1.2,254,18,7.6,852,32,3.9,1953,51,2.7,3096,34,1.1,2647,-34,-1.3
"강원도","건설업",22373,1587,7.6,579,101,21.1,1688,219,14.9,6645,361,5.7,9083,525,6.1,4378,381,9.5
"강원도","도매 및 소매업",40059,87,0.2,1831,301,19.7,5372,304,6.0,9966,0,0.0,12331,-219,-1.7,10559,-299,-2.8
"강원도","숙박 및 음식점업",37766,647,1.7,1883,160,9.3,4971,287,6.1,8431,98,1.2,11983,89,0.7,10498,13,0.1
"강원도","정보통신업",1365,624,84.2,97,45,86.5,222,95,74.8,404,122,43.3,370,166,81.4,272,196,257.9
"강원도","부동산업",3260,213,7.0,56,20,55.6,218,0,0.0,640,16,2.6,1138,83,7.9,1208,94,8.4
"강원도","전문과학기술서비스업",2238,44,2.0,130,22,20.4,392,15,4.0,806,4,0.5,603,21,3.6,307,-18,-5.5
"강원도","사업시설관리, 사업지원 및 임대 서비스업",3252,15,0.5,155,-3,-1.9,546,0,0.0,965,-14,-1.4,998,17,1.7,588,15,2.6
"강원도","교육 서비스업",5090,225,4.6,250,38,17.9,1128,71,6.7,2186,96,4.6,1231,10,0.8,295,10,3.5
"강원도","예술, 스포츠 및 여가관련 서비스업",3651,76,2.1,162,3,1.9,614,1,0.2,1034,32,3.2,1109,16,1.5,732,24,3.4
"강원도","협회 및 단체, 수리 및 기타 개인서비스업",11921,172,1.5,494,85,20.8,1738,124,7.7,3485,29,0.8,3581,-48,-1.3,2623,-18,-0.7
"충청북도","전산업",130546,464,0.4,6603,623,10.4,18429,619,3.5,35055,-110,-0.3,42800,-525,-1.2,27659,-143,-0.5
"충청북도","제조업",14028,-28,-0.2,362,14,4.0,1343,22,1.7,3563,-2,-0.1,5165,11,0.2,3595,-73,-2.0
"충청북도","건설업",19243,1145,6.3,533,92,20.9,1429,83,6.2,5412,268,5.2,7956,316,4.1,3913,386,10.9
"충청북도","도매 및 소매업",39384,-882,-2.2,2278,237,11.6,6144,249,4.2,10357,-380,-3.5,11983,-640,-5.1,8622,-348,-3.9
"충청북도","숙박 및 음식점업",27777,-154,-0.6,1942,144,8.0,4354,53,1.2,6255,-25,-0.4,8989,-169,-1.8,6237,-157,-2.5
"충청북도","정보통신업",789,58,7.9,53,4,8.2,174,25,16.8,309,10,3.3,171,2,1.2,82,17,26.2
"충청북도","부동산업",3781,161,4.4,84,31,58.5,258,29,12.7,839,-6,-0.7,1377,35,2.6,1223,72,6.3
"충청북도","전문과학기술서비스업",2203,27,1.2,120,11,10.1,405,37,10.1,805,-2,-0.2,610,-14,-2.2,263,-5,-1.9
"충청북도","사업시설관리, 사업지원 및 임대 서비스업",3544,-128,-3.5,174,-17,-8.9,597,-49,-7.6,1039,-30,-2.8,1046,-46,-4.2,688,14,2.1
"충청북도","교육 서비스업",4822,297,6.6,257,36,16.3,1275,126,11.0,2051,109,5.6,1014,26,2.6,225,0,0.0
"충청북도","예술, 스포츠 및 여가관련 서비스업",3698,35,1.0,209,9,4.5,643,6,0.9,991,-11,-1.1,1205,18,1.5,650,13,2.0
"충청북도","협회 및 단체, 수리 및 기타 개인서비스업",11277,-67,-0.6,591,62,11.7,1807,38,2.1,3434,-41,-1.2,3284,-64,-1.9,2161,-62,-2.8
"충청남도","전산업",172377,2547,1.5,8537,1139,15.4,25029,1275,5.4,47363,273,0.6,53776,41,0.1,37672,-181,-0.5
"충청남도","제조업",18580,52,0.3,559,36,6.9,1958,25,1.3,4885,2,0.0,6465,33,0.5,4713,-44,-0.9
"충청남도","건설업",24047,1376,6.1,724,127,21.3,2066,229,12.5,7112,272,4.0,9512,442,4.9,4633,306,7.1
"충청남도","도매 및 소매업",54701,221,0.4,3077,558,22.2,8682,498,6.1,14616,-84,-0.6,15583,-394,-2.5,12743,-357,-2.7
"충청남도","숙박 및 음식점업",36193,390,1.1,2311,153,7.1,5529,277,5.3,8428,52,0.6,11254,2,0.0,8671,-94,-1.1
"충청남도","정보통신업",1143,130,12.8,117,35,42.7,227,30,15.2,424,39,10.1,261,11,4.4,114,15,15.2
"충청남도","부동산업",5363,176,3.4,84,33,64.7,436,45,11.5,1269,22,1.8,1862,12,0.6,1712,64,3.9
"충청남도","전문과학기술서비스업",2805,144,5.4,182,25,15.9,503,29,6.1,1024,55,5.7,740,21,2.9,356,14,4.1
"충청남도","사업시설관리, 사업지원 및 임대 서비스업",4542,-251,-5.2,190,-21,-10.0,838,-87,-9.4,1342,-56,-4.0,1357,-74,-5.2,815,-13,-1.6
"충청남도","교육 서비스업",6190,380,6.5,332,56,20.3,1613,128,8.6,2651,125,4.9,1348,66,5.1,246,5,2.1
"충청남도","예술, 스포츠 및 여가관련 서비스업",4245,-94,-2.2,241,15,6.6,798,-26,-3.2,1153,-47,-3.9,1352,0,0.0,701,-36,-4.9
"충청남도","협회 및 단체, 수리 및 기타 개인서비스업",14568,23,0.2,720,122,20.4,2379,127,5.6,4459,-107,-2.3,4042,-78,-1.9,2968,-41,-1.4
"전라북도","전산업",143440,941,0.7,7018,732,11.6,19455,775,4.1,40539,-85,-0.2,44958,-186,-0.4,31470,-295,-0.9
"전라북도","제조업",13154,19,0.1,320,-6,-1.8,1322,56,4.4,3278,-13,-0.4,4476,27,0.6,3758,-45,-1.2
"전라북도","건설업",21164,1395,7.1,588,101,20.7,1736,167,10.6,6406,357,5.9,8269,495,6.4,4165,275,7.1
"전라북도","도매 및 소매업",47997,-1112,-2.3,2366,290,14.0,6712,178,2.7,13107,-443,-3.3,14182,-643,-4.3,11630,-494,-4.1
"전라북도","숙박 및 음식점업",27415,292,1.1,2099,165,8.5,4398,160,3.8,6493,37,0.6,8322,-11,-0.1,6103,-59,-1.0
"전라북도","정보통신업",804,87,12.1,60,13,27.7,137,16,13.2,281,-1,-0.4,223,36,19.3,103,23,28.8
"전라북도","부동산업",4148,-22,-0.5,68,13,23.6,275,8,3.0,1054,-4,-0.4,1542,-53,-3.3,1209,14,1.2
"전라북도","전문과학기술서비스업",2494,5,0.2,134,-2,-1.5,436,14,3.3,857,3,0.4,680,4,0.6,387,-14,-3.5
"전라북도","사업시설관리, 사업지원 및 임대 서비스업",3421,38,1.1,177,3,1.7,522,-10,-1.9,1059,11,1.0,1020,7,0.7,643,27,4.4
"전라북도","교육 서비스업",6211,287,4.8,331,56,20.4,1480,132,9.8,2614,80,3.2,1447,13,0.9,339,6,1.8
"전라북도","예술, 스포츠 및 여가관련 서비스업",3330,24,0.7,175,2,1.2,585,3,0.5,991,6,0.6,1026,11,1.1,553,2,0.4
"전라북도","협회 및 단체, 수리 및 기타 개인서비스업",13302,-72,-0.5,700,97,16.1,1852,51,2.8,4399,-118,-2.6,3771,-72,-1.9,2580,-30,-1.1
"전라남도","전산업",148297,2724,1.9,6568,869,15.2,18327,995,5.7,41394,171,0.4,47388,581,1.2,34620,108,0.3
"전라남도","제조업",13483,215,1.6,331,14,4.4,1179,108,10.1,3289,18,0.6,4687,74,1.6,3997,1,0.0
"전라남도","건설업",22588,1225,5.7,638,100,18.6,1891,126,7.1,6999,287,4.3,9034,440,5.1,4026,272,7.2
"전라남도","도매 및 소매업",49295,-522,-1.0,2214,342,18.3,6147,188,3.2,13378,-350,-2.5,14556,-180,-1.2,13000,-522,-3.9
"전라남도","숙박 및 음식점업",32185,1003,3.2,2007,220,12.3,4323,320,8.0,7472,118,1.6,10334,147,1.4,8049,198,2.5
"전라남도","정보통신업",754,59,8.5,47,15,46.9,129,7,5.7,276,22,8.7,197,5,2.6,105,10,10.5
"전라남도","부동산업",3032,51,1.7,54,13,31.7,226,-8,-3.4,808,-29,-3.5,1047,53,5.3,897,22,2.5
"전라남도","전문과학기술서비스업",2210,49,2.3,110,15,15.8,340,22,6.9,796,12,1.5,617,-22,-3.4,347,22,6.8
"전라남도","사업시설관리, 사업지원 및 임대 서비스업",3315,181,5.8,172,9,5.5,487,8,1.7,961,38,4.1,1015,58,6.1,680,68,11.1
"전라남도","교육 서비스업",4958,253,5.4,220,30,15.8,1203,133,12.4,2194,63,3.0,1113,16,1.5,228,11,5.1
"전라남도","예술, 스포츠 및 여가관련 서비스업",3298,20,0.6,165,13,8.6,521,-5,-1.0,942,-12,-1.3,1027,1,0.1,643,23,3.7
"전라남도","협회 및 단체, 수리 및 기타 개인서비스업",13179,190,1.5,610,98,19.1,1881,96,5.4,4279,4,0.1,3761,-11,-0.3,2648,3,0.1
"경상북도","전산업",224626,1838,0.8,9178,1039,12.8,29059,1297,4.7,62124,-101,-0.2,73876,-49,-0.1,50389,-348,-0.7
"경상북도","제조업",30904,13,0.0,705,56,8.6,3008,67,2.3,7966,53,0.7,11217,-51,-0.5,8008,-112,-1.4
"경상북도","건설업",30522,1653,5.7,740,133,21.9,2369,191,8.8,8914,300,3.5,12411,595,5.0,6088,434,7.7
"경상북도","도매 및 소매업",66915,-1207,-1.8,3045,338,12.5,9467,321,3.5,18140,-599,-3.2,20262,-629,-3.0,16001,-638,-3.8
"경상북도","숙박 및 음식점업",49198,613,1.3,2772,223,8.7,6879,359,5.5,11412,93,0.8,16156,-4,0.0,11979,-58,-0.5
"경상북도","정보통신업",1134,68,6.4,89,23,34.8,174,8,4.8,377,3,0.8,324,16,5.2,170,18,11.8
"경상북도","부동산업",5212,167,3.3,122,52,74.3,336,24,7.7,1220,-24,-1.9,1947,66,3.5,1587,49,3.2
"경상북도","전문과학기술서비스업",3060,42,1.4,158,30,23.4,467,27,6.1,1104,6,0.5,866,2,0.2,465,-23,-4.7
"경상북도","사업시설관리, 사업지원 및 임대 서비스업",4726,46,1.0,195,16,8.9,744,9,1.2,1381,-19,-1.4,1532,30,2.0,874,10,1.2
"경상북도","교육 서비스업",8308,460,5.9,358,54,17.8,2015,192,10.5,3846,140,3.8,1787,57,3.3,302,17,6.0
"경상북도","예술, 스포츠 및 여가관련 서비스업",5056,-88,-1.7,185,6,3.4,786,-18,-2.2,1401,-34,-2.4,1717,-18,-1.0,967,-24,-2.4
"경상북도","협회 및 단체, 수리 및 기타 개인서비스업",19591,71,0.4,809,108,15.4,2814,117,4.3,6363,-20,-0.3,5657,-113,-2.0,3948,-21,-0.5
"경상남도","전산업",274905,608,0.2,12264,1429,13.2,39160,1607,4.3,76679,-272,-0.4,89429,-1411,-1.6,57373,-745,-1.3
"경상남도","제조업",39683,-89,-0.2,959,111,13.1,3755,118,3.2,9838,10,0.1,15026,-218,-1.4,10105,-110,-1.1
"경상남도","건설업",30314,1186,4.1,769,130,20.3,2805,206,7.9,8953,254,2.9,12247,374,3.2,5540,222,4.2
"경상남도","도매 및 소매업",82082,-1114,-1.3,4116,620,17.7,12679,644,5.4,22489,-695,-3.0,24653,-962,-3.8,18145,-721,-3.8
"경상남도","숙박 및 음식점업",59099,780,1.3,3727,309,9.0,8968,469,5.5,13856,210,1.5,19004,-117,-0.6,13544,-91,-0.7
"경상남도","정보통신업",1351,92,7.3,77,13,20.3,261,27,11.5,500,12,2.5,354,24,7.3,159,16,11.2
"경상남도","부동산업",7908,-105,-1.3,90,23,34.3,492,-14,-2.8,1873,-49,-2.5,3155,-97,-3.0,2298,32,1.4
"경상남도","전문과학기술서비스업",5013,-255,-4.8,185,29,18.6,853,-97,-10.2,1969,-132,-6.3,1402,-56,-3.8,604,1,0.2
"경상남도","사업시설관리, 사업지원 및 임대 서비스업",6752,-660,-8.9,281,-25,-8.2,1066,-186,-14.9,2054,-200,-8.9,2077,-172,-7.6,1274,-77,-5.7
"경상남도","교육 서비스업",12732,750,6.3,541,78,16.8,3163,274,9.5,5723,334,6.2,2786,39,1.4,519,25,5.1
"경상남도","예술, 스포츠 및 여가관련 서비스업",5809,-104,-1.8,281,11,4.1,1036,-32,-3.0,1602,-3,-0.2,1845,-70,-3.7,1045,-10,-0.9
"경상남도","협회 및 단체, 수리 및 기타 개인서비스업",24162,127,0.5,1238,130,11.7,4082,198,5.1,7822,-13,-0.2,6880,-156,-2.2,4140,-32,-0.8
"제주특별자치도","전산업",67289,1322,2.0,2960,453,18.1,11587,587,5.3,21717,259,1.2,19848,143,0.7,11177,-120,-1.1
"제주특별자치도","제조업",3164,60,1.9,95,3,3.3,441,20,4.8,847,5,0.6,1029,34,3.4,752,-2,-0.3
"제주특별자치도","건설업",8789,144,1.7,224,19,9.3,891,35,4.1,3276,29,0.9,3216,45,1.4,1182,16,1.4
"제주특별자치도","도매 및 소매업",19510,-115,-0.6,932,220,30.9,3235,129,4.2,6199,-188,-2.9,5691,-150,-2.6,3453,-126,-3.5
"제주특별자치도","숙박 및 음식점업",19960,855,4.5,1065,122,12.9,3946,241,6.5,5755,354,6.6,5583,132,2.4,3611,6,0.2
"제주특별자치도","정보통신업",539,58,12.1,28,8,40.0,111,12,12.1,241,21,9.5,122,11,9.9,37,6,19.4
"제주특별자치도","부동산업",2071,-72,-3.4,40,3,8.1,156,-9,-5.5,580,-63,-9.8,782,-16,-2.0,513,13,2.6
"제주특별자치도","전문과학기술서비스업",1597,67,4.4,94,17,22.1,445,26,6.2,606,23,3.9,316,7,2.3,136,-6,-4.2
"제주특별자치도","사업시설관리, 사업지원 및 임대 서비스업",2284,-68,-2.9,75,6,8.7,435,-20,-4.4,849,-60,-6.6,666,24,3.7,259,-18,-6.5
"제주특별자치도","교육 서비스업",2798,270,10.7,110,17,18.3,702,97,16.0,1268,115,10.0,594,43,7.8,124,-2,-1.6
"제주특별자치도","예술, 스포츠 및 여가관련 서비스업",1535,58,3.9,60,0,0.0,269,4,1.5,498,37,8.0,416,13,3.2,292,4,1.4
"제주특별자치도","협회 및 단체, 수리 및 기타 개인서비스업",5042,65,1.3,237,38,19.1,956,52,5.8,1598,-14,-0.9,1433,0,0.0,818,-11,-1.3
